{"cameraMode":{"drawMode":0,"name":"Shaded","section":"Shading Mode"},"sceneLighting":false,"audioPlay":false,"sceneViewState":{"showFog":false,"showMaterialUpdate":false,"showSkybox":false,"showFlares":false,"showImageEffects":false,"showParticleSystems":false},"in2DMode":false,"pivot":{"x":-13.600000381469727,"y":1.590000033378601,"z":-22.700000762939454},"rotation":{"x":0.19555793702602387,"y":0.6458578109741211,"z":-0.1762443333864212,"w":0.7166329622268677},"size":0.00005543319639400579,"orthographic":false}