{"cameraMode":{"drawMode":0,"name":"Shaded","section":"Shading Mode"},"sceneLighting":false,"audioPlay":false,"sceneViewState":{"showFog":false,"showMaterialUpdate":false,"showSkybox":false,"showFlares":false,"showImageEffects":false,"showParticleSystems":false},"in2DMode":false,"pivot":{"x":-43.980003356933597,"y":-0.596038818359375,"z":-23.10407257080078},"rotation":{"x":0.3490138053894043,"y":0.6508349776268005,"z":-0.46798303723335268,"w":0.48538145422935488},"size":47.34193801879883,"orthographic":false}